nrec,title,author,date,url
7,[新聞] ＂不打你 但要讓你撐不住＂美前防長點破習近平對台真正戰略,TonyKart,6/10,https://www.ptt.cc/bbs/Gossiping/M.1781058936.A.5E8.html
7,[問卦] 為啥到國外就會生了,jack529,6/10,https://www.ptt.cc/bbs/Gossiping/M.1781058980.A.E54.html
2,[新聞] 台積電、無人機商機變現 黃嫈珺拋「朴子,peterch,6/10,https://www.ptt.cc/bbs/Gossiping/M.1781058987.A.CEA.html
,Re: [問卦] 少子化根本假議題 到底在哭啥,Zcould,6/10,https://www.ptt.cc/bbs/Gossiping/M.1781059052.A.A50.html
,[新聞] 國旅補助有望上路？ 陳世凱：預算過關後1,Aqqqa,6/10,https://www.ptt.cc/bbs/Gossiping/M.1781059063.A.A04.html
2,[問卦] 為什麼死忠會那麼死忠,NUMB43,6/10,https://www.ptt.cc/bbs/Gossiping/M.1781059092.A.87E.html
1,[問卦] 有沒想過台女只是不想跟台男生小孩而已,lawyer94,6/10,https://www.ptt.cc/bbs/Gossiping/M.1781059174.A.02F.html
,[問卦] 星宇新增的航點怎麼都跟華航一樣啊？,gigaman,6/10,https://www.ptt.cc/bbs/Gossiping/M.1781059180.A.4A9.html
1,Re: [新聞] 「外帶進摩鐵吃飯」瞎扯怕誤會 小王慘,oinmrr,6/10,https://www.ptt.cc/bbs/Gossiping/M.1781059192.A.113.html
,Re: [新聞] 烏克蘭收復「600平方公里」領土!燒掉普丁,caelum,6/10,https://www.ptt.cc/bbs/Gossiping/M.1781059283.A.971.html
,[新聞] 新青安2.0預計6月底公布！央行再祭信用,qweerrt123,6/10,https://www.ptt.cc/bbs/Gossiping/M.1781059327.A.808.html
,[問卦] 韓國拒絕與日本合作軍武板很氣？,a40494,6/10,https://www.ptt.cc/bbs/Gossiping/M.1781059416.A.7DA.html
爆,[公告] 豐川祥子誕生日八卦板主徵選報名開始,ubcs,2/14,https://www.ptt.cc/bbs/Gossiping/M.1771040474.A.61B.html
,[公告] 八卦板板規(2026.02.21),ubcs,2/21,https://www.ptt.cc/bbs/Gossiping/M.1771671779.A.6ED.html
14,[公告] 【八卦美學獎】梗圖吐槽，共鳴豹紋笑翻！,August2006,11/01,https://www.ptt.cc/bbs/Gossiping/M.1761980569.A.84C.html
91,Fw: [公告] 不當連結相關申訴,ubcs,6/01,https://www.ptt.cc/bbs/Gossiping/M.1780294393.A.794.html
爆,[公告] 縱使法律辦不到你板規絕對辦的到你 水桶,ubcs,6/04,https://www.ptt.cc/bbs/Gossiping/M.1780555095.A.F5D.html
,[問卦] 台指1分K 就超過百點. 賺錢如流水？,crotexm,6/10,https://www.ptt.cc/bbs/Gossiping/M.1781057715.A.A64.html
,Re: [問卦] 燃料稅改名公路養管費 但電動車免徵？,seanliengodp,6/10,https://www.ptt.cc/bbs/Gossiping/M.1781057810.A.8B3.html
14,[新聞] 高雄男失蹤整夜！今早漂浮出海口...已成,sukiya,6/10,https://www.ptt.cc/bbs/Gossiping/M.1781057937.A.C10.html
4,Re: [爆卦] 真正的革命：5月出生6832人,butten986,6/10,https://www.ptt.cc/bbs/Gossiping/M.1781057981.A.B74.html
2,[問卦] 叫有錢人累進制多生才對吧？,patear,6/10,https://www.ptt.cc/bbs/Gossiping/M.1781058042.A.42C.html
,Re: [新聞] 賴瑞隆封鎖《鐵拳教育》留言 媒體人搖頭,ptt987654321,6/10,https://www.ptt.cc/bbs/Gossiping/M.1781058062.A.8A5.html
9,[問卦] 為什麼台灣很少有諷刺財閥的影集小說,lawyer94,6/10,https://www.ptt.cc/bbs/Gossiping/M.1781058148.A.CAF.html
6,[問卦] 川普：美國貿易逆差34年來最大幅度,bluehttp,6/10,https://www.ptt.cc/bbs/Gossiping/M.1781058180.A.11C.html
6,[問卦] 少子化越嚴重 台女是不是越爽阿??????,kaitai,6/10,https://www.ptt.cc/bbs/Gossiping/M.1781058227.A.D0D.html
7,Re: [爆卦] 真正的革命：5月出生6832人,yamatai,6/10,https://www.ptt.cc/bbs/Gossiping/M.1781058230.A.8B4.html
,Re: [新聞] 整合產官學研成立國家隊 賴：6年442億拚,violetking,6/10,https://www.ptt.cc/bbs/Gossiping/M.1781058233.A.7B4.html
1,[問卦] 當年大家樂六合彩有多瘋？,mongi,6/10,https://www.ptt.cc/bbs/Gossiping/M.1781058278.A.872.html
4,[問卦] 為啥大家抄作業都不會啊？,ruby00514,6/10,https://www.ptt.cc/bbs/Gossiping/M.1781058302.A.3A7.html
3,[問卦] 黃山料的書為何不拍成電影？？,qqq87112,6/10,https://www.ptt.cc/bbs/Gossiping/M.1781058321.A.837.html
18,[問卦] 會一直續豆腐鴨血鍋底的是什麼人啊??????,VVizZ,6/10,https://www.ptt.cc/bbs/Gossiping/M.1781058367.A.EBD.html
3,認真問，低生育率又如何？新加坡也破新低,PPPa,6/10,https://www.ptt.cc/bbs/Gossiping/M.1781058467.A.132.html
,[新聞] 《蜘蛛人》名言成勉勵金句 陳其邁警察節,yu1164,6/10,https://www.ptt.cc/bbs/Gossiping/M.1781058623.A.F43.html
5,[新聞] 北市「生生喝鮮奶」暑假不中斷 小六、,indigowaltz,6/10,https://www.ptt.cc/bbs/Gossiping/M.1781058774.A.67A.html
9,[問卦] 少子化根本假議題 到底在哭啥,ok66,6/10,https://www.ptt.cc/bbs/Gossiping/M.1781058781.A.ABF.html
1,[問卦] 主管聽見雷聲突然躲到桌底下怎麼辦！,nobody0303,6/10,https://www.ptt.cc/bbs/Gossiping/M.1781058807.A.08C.html
4,[問卦] 台幣會貶到32塊嗎？,icemaydays,6/10,https://www.ptt.cc/bbs/Gossiping/M.1781056873.A.BDF.html
6,Re: [問卦] 台灣為什麼是洗腎大國?,computerqqq,6/10,https://www.ptt.cc/bbs/Gossiping/M.1781056973.A.2CF.html
9,[問卦] 歷史上最有名的偽政權是哪一個？,wtf556687,6/10,https://www.ptt.cc/bbs/Gossiping/M.1781056983.A.35B.html
4,[問卦] 幫我鑑定這是男男還是男女朋友？,efthu456,6/10,https://www.ptt.cc/bbs/Gossiping/M.1781056983.A.362.html
,Re: [問卦] 來台灣的韓啦只有李珠垠有刺青喔？,GKKR,6/10,https://www.ptt.cc/bbs/Gossiping/M.1781056992.A.ECE.html
11,Re: [爆卦] 真正的革命：5月出生6832人,blueman1025,6/10,https://www.ptt.cc/bbs/Gossiping/M.1781057004.A.6FF.html
3,[問卦] 現實是兒子靠爸霸凌 乾兒子詐騙1.7E免關,ptt987654321,6/10,https://www.ptt.cc/bbs/Gossiping/M.1781057059.A.DB0.html
6,[問卦] 用「支語」之後哪天可能會罰款嗎？,theskyofblue,6/10,https://www.ptt.cc/bbs/Gossiping/M.1781057061.A.AE7.html
3,Re: [爆卦] 真正的革命：5月出生6832人,chinaeatshit,6/10,https://www.ptt.cc/bbs/Gossiping/M.1781057098.A.A0D.html
3,[問卦] 沒人發現鯨魚根本就是魚嗎？,astrayzip,6/10,https://www.ptt.cc/bbs/Gossiping/M.1781057205.A.D48.html
7,[新聞] 紐西蘭經濟停滯4萬人移民 前總理也移居,bird09,6/10,https://www.ptt.cc/bbs/Gossiping/M.1781057235.A.C90.html
2,[問卦] 黃山料會接任競選團隊文膽嗎？,ll2NTU,6/10,https://www.ptt.cc/bbs/Gossiping/M.1781057248.A.538.html
4,[問卦] 國安基金進場不算圖利臺灣人嗎？,yji3vu4gj4,6/10,https://www.ptt.cc/bbs/Gossiping/M.1781057259.A.EA0.html
2,[新聞] 外資出走匯市爆第二大量 熱錢趁台股大漲,anna1203,6/10,https://www.ptt.cc/bbs/Gossiping/M.1781057277.A.3FF.html
6,[問卦] 6832*生育補助，這也不用多少錢吧？,dodomen,6/10,https://www.ptt.cc/bbs/Gossiping/M.1781057306.A.435.html
,[新聞] 快新聞／全國駕駛有錢領了！具備1資格「,ptt987654321,6/10,https://www.ptt.cc/bbs/Gossiping/M.1781057466.A.0F2.html
4,Re: [問卦] 你能說出台灣無人機知名的廠牌嗎？,a8802062,6/10,https://www.ptt.cc/bbs/Gossiping/M.1781057476.A.CA0.html
26,Re: [爆卦] 真正的革命：5月出生6832人,YU0121,6/10,https://www.ptt.cc/bbs/Gossiping/M.1781057542.A.E3F.html
8,[新聞] 鄭麗文稱「和統公投很困難」張惇涵：維,tan608287,6/10,https://www.ptt.cc/bbs/Gossiping/M.1781057673.A.7C4.html
2,[問卦] 前棒球版版主參選版主被噓爆？,xz4979265,6/10,https://www.ptt.cc/bbs/Gossiping/M.1781057683.A.189.html
